Title,Description,Link,Media URL,Pinterest board,Publish date
Free 29 Addition Math Worksheet For Grade 5 | Printable Practice,Fun and engaging Addition worksheet for Grade 5. Perfect printable math practice.,https://mathworksheetkidsbloom.github.io/html/free-29-addition-math-worksheet-for-grade-5-4497.html,https://mathworksheetkidsbloom.github.io/images/free-29-addition-math-worksheet-for-grade-5-4497.jpg,Printable Worksheets,03/17/2026 08:26:00 AM
Fun Count and Color Objects Worksheet for Kindergarten,Free printable Count and Color worksheet for Kindergarten. Perfect for homeschool practice and classroom activities.,https://mathworksheetkidsbloom.github.io/html/fun-count-and-color-objects-worksheet-for-kindergarten-5132.html,https://mathworksheetkidsbloom.github.io/images/fun-count-and-color-objects-worksheet-for-kindergarten-5132.jpg,Elementary Math Activities,03/17/2026 11:01:00 AM
Free Counting Objects Worksheet For Pre-K Printable - Part 3 | Printable Practice,Free printable Counting Objects worksheet for Pre-K. Perfect for homeschool practice and classroom activities.,https://mathworksheetkidsbloom.github.io/html/free-counting-objects-worksheet-for-pre-k-printable-part-3-6820.html,https://mathworksheetkidsbloom.github.io/images/free-counting-objects-worksheet-for-pre-k-printable-part-3-6820.jpg,Kids Math Worksheets,03/17/2026 01:31:00 PM
Free 10 Division Math Worksheet For Grade 1 - Part 4 | Printable Practice,Fun and engaging Division worksheet for Grade 1. Perfect printable math practice.,https://mathworksheetkidsbloom.github.io/html/free-10-division-math-worksheet-for-grade-1-part-4-2346.html,https://mathworksheetkidsbloom.github.io/images/free-10-division-math-worksheet-for-grade-1-part-4-2346.jpg,Elementary Math Activities,03/17/2026 04:31:00 PM
Ultimate Math Skill Test Worksheet (4 Questions),Free printable Math worksheet for Math. Perfect for homeschool practice and classroom activities.,https://mathworksheetkidsbloom.github.io/html/ultimate-math-skill-test-worksheet-4-questions-9402.html,https://mathworksheetkidsbloom.github.io/images/ultimate-math-skill-test-worksheet-4-questions-9402.jpg,Printable Worksheets,03/17/2026 08:24:00 PM
Missing Number Math Worksheet,Help kids master Missing Number with this printable worksheet for Grade 1. Great for daily math practice.,https://mathworksheetkidsbloom.github.io/html/missing-number-math-worksheet-5395.html,https://mathworksheetkidsbloom.github.io/images/missing-number-math-worksheet-5395.jpg,Math Practice Printables,03/18/2026 08:27:00 AM
Mixed Operations Math Worksheet,Printable Mixed Operations worksheet designed for Grade 3 students. Easy and fun math practice.,https://mathworksheetkidsbloom.github.io/html/mixed-operations-math-worksheet-9883.html,https://mathworksheetkidsbloom.github.io/images/mixed-operations-math-worksheet-9883.jpg,Elementary Math Activities,03/18/2026 11:00:00 AM
Free 23 Multiplication Math Worksheet For Grade 1 With Answers - Part 8 | Printable Practice,Free printable Multiplication worksheet for Grade 1. Perfect for homeschool practice and classroom activities.,https://mathworksheetkidsbloom.github.io/html/free-23-multiplication-math-worksheet-for-grade-1-with-answers-part-8-1840.html,https://mathworksheetkidsbloom.github.io/images/free-23-multiplication-math-worksheet-for-grade-1-with-answers-part-8-1840.jpg,Homeschool Math,03/18/2026 01:35:00 PM
Printable Free 13 Subtraction Math Worksheet For Grade 2 - Part 9 | Printable Practice,Free printable Subtraction worksheet for Grade 2. Perfect for homeschool practice and classroom activities.,https://mathworksheetkidsbloom.github.io/html/printable-free-13-subtraction-math-worksheet-for-grade-2-part-9-1130.html,https://mathworksheetkidsbloom.github.io/images/printable-free-13-subtraction-math-worksheet-for-grade-2-part-9-1130.jpg,Printable Worksheets,03/18/2026 04:36:00 PM
Printable 12 Times Table Worksheet For Grade 4 - Part 10 | Printable Practice,Free printable Times Table worksheet for Grade 4. Perfect for homeschool practice and classroom activities.,https://mathworksheetkidsbloom.github.io/html/printable-12-times-table-worksheet-for-grade-4-part-10-3560.html,https://mathworksheetkidsbloom.github.io/images/printable-12-times-table-worksheet-for-grade-4-part-10-3560.jpg,Homeschool Math,03/18/2026 08:38:00 PM
Printable Tracing Worksheet For Kids - Part 11 | Free Printable,Printable Tracing worksheet designed for Kindergarten students. Easy and fun math practice.,https://mathworksheetkidsbloom.github.io/html/printable-tracing-worksheet-for-kids-part-11-2773.html,https://mathworksheetkidsbloom.github.io/images/printable-tracing-worksheet-for-kids-part-11-2773.jpg,Kids Math Worksheets,03/19/2026 08:33:00 AM
Math Word Problem Worksheet,Teachers and parents love this Word Problem worksheet for Grade 3. Download and print instantly.,https://mathworksheetkidsbloom.github.io/html/math-word-problem-worksheet-5873.html,https://mathworksheetkidsbloom.github.io/images/math-word-problem-worksheet-5873.jpg,Elementary Math Activities,03/19/2026 11:04:00 AM
Printable Free 19 Addition Math Worksheet For Grade 1 - Part 13 | Printable Practice,Printable Addition worksheet designed for Grade 1 students. Easy and fun math practice.,https://mathworksheetkidsbloom.github.io/html/printable-free-19-addition-math-worksheet-for-grade-1-part-13-4703.html,https://mathworksheetkidsbloom.github.io/images/printable-free-19-addition-math-worksheet-for-grade-1-part-13-4703.jpg,Math Practice Printables,03/19/2026 01:29:00 PM
Free Grade 1 Count and Color Worksheet,Free printable Count and Color worksheet for Grade 1. Perfect for homeschool practice and classroom activities.,https://mathworksheetkidsbloom.github.io/html/free-grade-1-count-and-color-worksheet-5463.html,https://mathworksheetkidsbloom.github.io/images/free-grade-1-count-and-color-worksheet-5463.jpg,Elementary Math Activities,03/19/2026 04:36:00 PM
Free Counting Objects Worksheet For Kindergarten Printable - Part 15 | Printable Practice,Free printable Counting Objects worksheet for Kindergarten. Perfect for homeschool practice and classroom activities.,https://mathworksheetkidsbloom.github.io/html/free-counting-objects-worksheet-for-kindergarten-printable-part-15-8485.html,https://mathworksheetkidsbloom.github.io/images/free-counting-objects-worksheet-for-kindergarten-printable-part-15-8485.jpg,Elementary Math Activities,03/19/2026 08:24:00 PM
Grade 1 Division Practice Worksheet (29 Problems) - Part 16 | Printable Practice,Free printable Division worksheet for Grade 1. Perfect for homeschool practice and classroom activities.,https://mathworksheetkidsbloom.github.io/html/grade-1-division-practice-worksheet-29-problems-part-16-2054.html,https://mathworksheetkidsbloom.github.io/images/grade-1-division-practice-worksheet-29-problems-part-16-2054.jpg,Elementary Math Activities,03/20/2026 08:24:00 AM
Interactive Math Quiz Quiz Worksheet for Study,Free printable Math worksheet for Math. Perfect for homeschool practice and classroom activities.,https://mathworksheetkidsbloom.github.io/html/interactive-math-quiz-quiz-worksheet-for-study-7041.html,https://mathworksheetkidsbloom.github.io/images/interactive-math-quiz-quiz-worksheet-for-study-7041.jpg,Math Practice Printables,03/20/2026 11:03:00 AM
Missing Number Math Worksheet,Printable Missing Number worksheet designed for Grade 1 students. Easy and fun math practice.,https://mathworksheetkidsbloom.github.io/html/missing-number-math-worksheet-1099.html,https://mathworksheetkidsbloom.github.io/images/missing-number-math-worksheet-1099.jpg,Elementary Math Activities,03/20/2026 01:23:00 PM
Mixed Operations Math Worksheet,Printable Mixed Operations worksheet designed for Grade 3 students. Easy and fun math practice.,https://mathworksheetkidsbloom.github.io/html/mixed-operations-math-worksheet-9289.html,https://mathworksheetkidsbloom.github.io/images/mixed-operations-math-worksheet-9289.jpg,Kids Math Worksheets,03/20/2026 04:28:00 PM
Grade 2 Multiplication Practice Worksheet (25 Problems) - Part 20 | Printable Practice,Printable Multiplication worksheet designed for Grade 2 students. Easy and fun math practice.,https://mathworksheetkidsbloom.github.io/html/grade-2-multiplication-practice-worksheet-25-problems-part-20-2288.html,https://mathworksheetkidsbloom.github.io/images/grade-2-multiplication-practice-worksheet-25-problems-part-20-2288.jpg,Elementary Math Activities,03/20/2026 08:27:00 PM
Free 10 Subtraction Math Worksheet For Grade 3 - Part 21 | Printable Practice,Printable Subtraction worksheet designed for Grade 3 students. Easy and fun math practice.,https://mathworksheetkidsbloom.github.io/html/free-10-subtraction-math-worksheet-for-grade-3-part-21-7655.html,https://mathworksheetkidsbloom.github.io/images/free-10-subtraction-math-worksheet-for-grade-3-part-21-7655.jpg,Printable Worksheets,03/21/2026 08:23:00 AM
9 Times Table Worksheet For Grade 3 With Answers - Part 22 | Printable Practice,Help kids master Times Table with this printable worksheet for Grade 3. Great for daily math practice.,https://mathworksheetkidsbloom.github.io/html/9-times-table-worksheet-for-grade-3-with-answers-part-22-4732.html,https://mathworksheetkidsbloom.github.io/images/9-times-table-worksheet-for-grade-3-with-answers-part-22-4732.jpg,Printable Worksheets,03/21/2026 11:00:00 AM
Printable Tracing Worksheet For Kids - Part 23 | Free Printable,Fun and engaging Tracing worksheet for Kindergarten. Perfect printable math practice.,https://mathworksheetkidsbloom.github.io/html/printable-tracing-worksheet-for-kids-part-23-4169.html,https://mathworksheetkidsbloom.github.io/images/printable-tracing-worksheet-for-kids-part-23-4169.jpg,Kids Math Worksheets,03/21/2026 01:32:00 PM
Math Word Problem Worksheet,Fun and engaging Word Problem worksheet for Grade 3. Perfect printable math practice.,https://mathworksheetkidsbloom.github.io/html/math-word-problem-worksheet-8978.html,https://mathworksheetkidsbloom.github.io/images/math-word-problem-worksheet-8978.jpg,Homeschool Math,03/21/2026 04:22:00 PM
Free 17 Addition Math Worksheet For Grade 1 With Answers - Part 25 | Printable Practice,Printable Addition worksheet designed for Grade 1 students. Easy and fun math practice.,https://mathworksheetkidsbloom.github.io/html/free-17-addition-math-worksheet-for-grade-1-with-answers-part-25-4036.html,https://mathworksheetkidsbloom.github.io/images/free-17-addition-math-worksheet-for-grade-1-with-answers-part-25-4036.jpg,Math Practice Printables,03/21/2026 08:22:00 PM
4 Free Count and Color Worksheets for Preschool,Free printable Count and Color worksheet for Preschool. Perfect for homeschool practice and classroom activities.,https://mathworksheetkidsbloom.github.io/html/4-free-count-and-color-worksheets-for-preschool-3965.html,https://mathworksheetkidsbloom.github.io/images/4-free-count-and-color-worksheets-for-preschool-3965.jpg,Printable Worksheets,03/22/2026 08:38:00 AM
Free Counting Objects Worksheet For Kindergarten - Part 27 | Printable Practice,Printable Counting Objects worksheet designed for Kindergarten students. Easy and fun math practice.,https://mathworksheetkidsbloom.github.io/html/free-counting-objects-worksheet-for-kindergarten-part-27-1119.html,https://mathworksheetkidsbloom.github.io/images/free-counting-objects-worksheet-for-kindergarten-part-27-1119.jpg,Homeschool Math,03/22/2026 11:00:00 AM
Printable Free 21 Division Math Worksheet For Grade 2 - Part 28 | Printable Practice,Fun and engaging Division worksheet for Grade 2. Perfect printable math practice.,https://mathworksheetkidsbloom.github.io/html/printable-free-21-division-math-worksheet-for-grade-2-part-28-4428.html,https://mathworksheetkidsbloom.github.io/images/printable-free-21-division-math-worksheet-for-grade-2-part-28-4428.jpg,Homeschool Math,03/22/2026 01:31:00 PM
4 Math Quiz Training Worksheet,Printable Math worksheet designed for Math students. Easy and fun math practice.,https://mathworksheetkidsbloom.github.io/html/4-math-quiz-training-worksheet-8867.html,https://mathworksheetkidsbloom.github.io/images/4-math-quiz-training-worksheet-8867.jpg,Kids Math Worksheets,03/22/2026 04:26:00 PM
Missing Number Math Worksheet,Help kids master Missing Number with this printable worksheet for Grade 1. Great for daily math practice.,https://mathworksheetkidsbloom.github.io/html/missing-number-math-worksheet-4078.html,https://mathworksheetkidsbloom.github.io/images/missing-number-math-worksheet-4078.jpg,Kids Math Worksheets,03/22/2026 08:34:00 PM
Mixed Operations Math Worksheet,Printable Mixed Operations worksheet designed for Grade 3 students. Easy and fun math practice.,https://mathworksheetkidsbloom.github.io/html/mixed-operations-math-worksheet-5391.html,https://mathworksheetkidsbloom.github.io/images/mixed-operations-math-worksheet-5391.jpg,Elementary Math Activities,03/23/2026 08:28:00 AM
Printable Free 21 Multiplication Math Worksheet For Grade 2 - Part 32 | Printable Practice,Free printable Multiplication worksheet for Grade 2. Perfect for homeschool practice and classroom activities.,https://mathworksheetkidsbloom.github.io/html/printable-free-21-multiplication-math-worksheet-for-grade-2-part-32-3144.html,https://mathworksheetkidsbloom.github.io/images/printable-free-21-multiplication-math-worksheet-for-grade-2-part-32-3144.jpg,Elementary Math Activities,03/23/2026 11:00:00 AM
Free 16 Subtraction Math Worksheet For Grade 3 With Answers - Part 33 | Printable Practice,Fun and engaging Subtraction worksheet for Grade 3. Perfect printable math practice.,https://mathworksheetkidsbloom.github.io/html/free-16-subtraction-math-worksheet-for-grade-3-with-answers-part-33-6746.html,https://mathworksheetkidsbloom.github.io/images/free-16-subtraction-math-worksheet-for-grade-3-with-answers-part-33-6746.jpg,Kids Math Worksheets,03/23/2026 01:36:00 PM
8 Times Table Worksheet For Grade 3 With Answers - Part 34 | Printable Practice,Free printable Times Table worksheet for Grade 3. Perfect for homeschool practice and classroom activities.,https://mathworksheetkidsbloom.github.io/html/8-times-table-worksheet-for-grade-3-with-answers-part-34-3338.html,https://mathworksheetkidsbloom.github.io/images/8-times-table-worksheet-for-grade-3-with-answers-part-34-3338.jpg,Printable Worksheets,03/23/2026 04:28:00 PM
Printable Tracing Worksheet For Kids - Part 35 | Free Printable,Fun and engaging Tracing worksheet for Preschool. Perfect printable math practice.,https://mathworksheetkidsbloom.github.io/html/printable-tracing-worksheet-for-kids-part-35-1639.html,https://mathworksheetkidsbloom.github.io/images/printable-tracing-worksheet-for-kids-part-35-1639.jpg,Printable Worksheets,03/23/2026 08:34:00 PM
Math Word Problem Worksheet,Help kids master Word Problem with this printable worksheet for Grade 3. Great for daily math practice.,https://mathworksheetkidsbloom.github.io/html/math-word-problem-worksheet-2938.html,https://mathworksheetkidsbloom.github.io/images/math-word-problem-worksheet-2938.jpg,Homeschool Math,03/24/2026 08:35:00 AM
Printable Free 15 Addition Math Worksheet For Grade 1 - Part 37 | Printable Practice,Help kids master Addition with this printable worksheet for Grade 1. Great for daily math practice.,https://mathworksheetkidsbloom.github.io/html/printable-free-15-addition-math-worksheet-for-grade-1-part-37-9225.html,https://mathworksheetkidsbloom.github.io/images/printable-free-15-addition-math-worksheet-for-grade-1-part-37-9225.jpg,Kids Math Worksheets,03/24/2026 11:07:00 AM
Fun Count and Color Objects Worksheet for Kindergarten,Printable Count and Color worksheet designed for Kindergarten students. Easy and fun math practice.,https://mathworksheetkidsbloom.github.io/html/fun-count-and-color-objects-worksheet-for-kindergarten-4141.html,https://mathworksheetkidsbloom.github.io/images/fun-count-and-color-objects-worksheet-for-kindergarten-4141.jpg,Homeschool Math,03/24/2026 01:26:00 PM
Free Counting Objects Worksheet For Pre-K - Part 39 | Printable Practice,Printable Counting Objects worksheet designed for Pre-K students. Easy and fun math practice.,https://mathworksheetkidsbloom.github.io/html/free-counting-objects-worksheet-for-pre-k-part-39-7076.html,https://mathworksheetkidsbloom.github.io/images/free-counting-objects-worksheet-for-pre-k-part-39-7076.jpg,Kids Math Worksheets,03/24/2026 04:25:00 PM
Free 26 Division Math Worksheet For Grade 2 With Answers - Part 40 | Printable Practice,Help kids master Division with this printable worksheet for Grade 2. Great for daily math practice.,https://mathworksheetkidsbloom.github.io/html/free-26-division-math-worksheet-for-grade-2-with-answers-part-40-9897.html,https://mathworksheetkidsbloom.github.io/images/free-26-division-math-worksheet-for-grade-2-with-answers-part-40-9897.jpg,Math Practice Printables,03/24/2026 08:22:00 PM
Challenging Mathematics Problem Set for Students (8 Questions),Teachers and parents love this Math worksheet for Math. Download and print instantly.,https://mathworksheetkidsbloom.github.io/html/challenging-mathematics-problem-set-for-students-8-questions-5272.html,https://mathworksheetkidsbloom.github.io/images/challenging-mathematics-problem-set-for-students-8-questions-5272.jpg,Homeschool Math,03/25/2026 08:23:00 AM
Missing Number Math Worksheet,Printable Missing Number worksheet designed for Grade 1 students. Easy and fun math practice.,https://mathworksheetkidsbloom.github.io/html/missing-number-math-worksheet-3016.html,https://mathworksheetkidsbloom.github.io/images/missing-number-math-worksheet-3016.jpg,Homeschool Math,03/25/2026 11:03:00 AM
Mixed Operations Math Worksheet,Help kids master Mixed Operations with this printable worksheet for Grade 3. Great for daily math practice.,https://mathworksheetkidsbloom.github.io/html/mixed-operations-math-worksheet-8958.html,https://mathworksheetkidsbloom.github.io/images/mixed-operations-math-worksheet-8958.jpg,Elementary Math Activities,03/25/2026 01:27:00 PM
Printable Free 10 Multiplication Math Worksheet For Grade 2 - Part 44 | Printable Practice,Teachers and parents love this Multiplication worksheet for Grade 2. Download and print instantly.,https://mathworksheetkidsbloom.github.io/html/printable-free-10-multiplication-math-worksheet-for-grade-2-part-44-2315.html,https://mathworksheetkidsbloom.github.io/images/printable-free-10-multiplication-math-worksheet-for-grade-2-part-44-2315.jpg,Math Practice Printables,03/25/2026 04:23:00 PM
Free 27 Subtraction Math Worksheet For Grade 2 With Answers - Part 45 | Printable Practice,Help kids master Subtraction with this printable worksheet for Grade 2. Great for daily math practice.,https://mathworksheetkidsbloom.github.io/html/free-27-subtraction-math-worksheet-for-grade-2-with-answers-part-45-9604.html,https://mathworksheetkidsbloom.github.io/images/free-27-subtraction-math-worksheet-for-grade-2-with-answers-part-45-9604.jpg,Kids Math Worksheets,03/25/2026 08:30:00 PM
2 Times Table Worksheet For Grade 2 - Part 46 | Printable Practice,Fun and engaging Times Table worksheet for Grade 2. Perfect printable math practice.,https://mathworksheetkidsbloom.github.io/html/2-times-table-worksheet-for-grade-2-part-46-4012.html,https://mathworksheetkidsbloom.github.io/images/2-times-table-worksheet-for-grade-2-part-46-4012.jpg,Homeschool Math,03/26/2026 08:31:00 AM
Printable Tracing Worksheet For Kids - Part 47 | Free Printable,Free printable Tracing worksheet for Kindergarten. Perfect for homeschool practice and classroom activities.,https://mathworksheetkidsbloom.github.io/html/printable-tracing-worksheet-for-kids-part-47-1887.html,https://mathworksheetkidsbloom.github.io/images/printable-tracing-worksheet-for-kids-part-47-1887.jpg,Homeschool Math,03/26/2026 11:02:00 AM
Math Word Problem Worksheet,Printable Word Problem worksheet designed for Grade 3 students. Easy and fun math practice.,https://mathworksheetkidsbloom.github.io/html/math-word-problem-worksheet-6076.html,https://mathworksheetkidsbloom.github.io/images/math-word-problem-worksheet-6076.jpg,Printable Worksheets,03/26/2026 01:26:00 PM
Grade 1 Addition Practice Worksheet (27 Problems) - Part 49 | Printable Practice,Teachers and parents love this Addition worksheet for Grade 1. Download and print instantly.,https://mathworksheetkidsbloom.github.io/html/grade-1-addition-practice-worksheet-27-problems-part-49-6164.html,https://mathworksheetkidsbloom.github.io/images/grade-1-addition-practice-worksheet-27-problems-part-49-6164.jpg,Math Practice Printables,03/26/2026 04:26:00 PM
Printable Count and Color Worksheet for Grade 1 Kids,Free printable Count and Color worksheet for Grade 1. Perfect for homeschool practice and classroom activities.,https://mathworksheetkidsbloom.github.io/html/printable-count-and-color-worksheet-for-grade-1-kids-2805.html,https://mathworksheetkidsbloom.github.io/images/printable-count-and-color-worksheet-for-grade-1-kids-2805.jpg,Kids Math Worksheets,03/26/2026 08:29:00 PM
Kindergarten Count The Objects Worksheet - Part 51 | Printable Practice,Printable Counting Objects worksheet designed for Kindergarten students. Easy and fun math practice.,https://mathworksheetkidsbloom.github.io/html/kindergarten-count-the-objects-worksheet-part-51-2460.html,https://mathworksheetkidsbloom.github.io/images/kindergarten-count-the-objects-worksheet-part-51-2460.jpg,Elementary Math Activities,03/27/2026 08:28:00 AM
Grade 1 Division Practice Worksheet (29 Problems) - Part 52 | Printable Practice,Help kids master Division with this printable worksheet for Grade 1. Great for daily math practice.,https://mathworksheetkidsbloom.github.io/html/grade-1-division-practice-worksheet-29-problems-part-52-1164.html,https://mathworksheetkidsbloom.github.io/images/grade-1-division-practice-worksheet-29-problems-part-52-1164.jpg,Math Practice Printables,03/27/2026 11:00:00 AM
General Knowledge Math Skill Test Practice Worksheet for Students,Free printable Math worksheet for Math. Perfect for homeschool practice and classroom activities.,https://mathworksheetkidsbloom.github.io/html/general-knowledge-math-skill-test-practice-worksheet-for-students-3451.html,https://mathworksheetkidsbloom.github.io/images/general-knowledge-math-skill-test-practice-worksheet-for-students-3451.jpg,Kids Math Worksheets,03/27/2026 01:22:00 PM
Missing Number Math Worksheet,Printable Missing Number worksheet designed for Grade 1 students. Easy and fun math practice.,https://mathworksheetkidsbloom.github.io/html/missing-number-math-worksheet-8416.html,https://mathworksheetkidsbloom.github.io/images/missing-number-math-worksheet-8416.jpg,Kids Math Worksheets,03/27/2026 04:38:00 PM
Mixed Operations Math Worksheet,Help kids master Mixed Operations with this printable worksheet for Grade 3. Great for daily math practice.,https://mathworksheetkidsbloom.github.io/html/mixed-operations-math-worksheet-9331.html,https://mathworksheetkidsbloom.github.io/images/mixed-operations-math-worksheet-9331.jpg,Elementary Math Activities,03/27/2026 08:31:00 PM
Free 30 Multiplication Math Worksheet For Grade 2 - Part 56 | Printable Practice,Teachers and parents love this Multiplication worksheet for Grade 2. Download and print instantly.,https://mathworksheetkidsbloom.github.io/html/free-30-multiplication-math-worksheet-for-grade-2-part-56-1119.html,https://mathworksheetkidsbloom.github.io/images/free-30-multiplication-math-worksheet-for-grade-2-part-56-1119.jpg,Kids Math Worksheets,03/28/2026 08:35:00 AM
Printable Free 22 Subtraction Math Worksheet For Grade 3 - Part 57 | Printable Practice,Free printable Subtraction worksheet for Grade 3. Perfect for homeschool practice and classroom activities.,https://mathworksheetkidsbloom.github.io/html/printable-free-22-subtraction-math-worksheet-for-grade-3-part-57-1285.html,https://mathworksheetkidsbloom.github.io/images/printable-free-22-subtraction-math-worksheet-for-grade-3-part-57-1285.jpg,Elementary Math Activities,03/28/2026 11:05:00 AM
9 Times Table Worksheet For Grade 3 - Part 58 | Printable Practice,Help kids master Times Table with this printable worksheet for Grade 3. Great for daily math practice.,https://mathworksheetkidsbloom.github.io/html/9-times-table-worksheet-for-grade-3-part-58-8495.html,https://mathworksheetkidsbloom.github.io/images/9-times-table-worksheet-for-grade-3-part-58-8495.jpg,Printable Worksheets,03/28/2026 01:22:00 PM
Printable Tracing Worksheet For Kids - Part 59 | Free Printable,Teachers and parents love this Tracing worksheet for Kindergarten. Download and print instantly.,https://mathworksheetkidsbloom.github.io/html/printable-tracing-worksheet-for-kids-part-59-8574.html,https://mathworksheetkidsbloom.github.io/images/printable-tracing-worksheet-for-kids-part-59-8574.jpg,Elementary Math Activities,03/28/2026 04:29:00 PM
Math Word Problem Worksheet,Free printable Word Problem worksheet for Grade 3. Perfect for homeschool practice and classroom activities.,https://mathworksheetkidsbloom.github.io/html/math-word-problem-worksheet-9442.html,https://mathworksheetkidsbloom.github.io/images/math-word-problem-worksheet-9442.jpg,Homeschool Math,03/28/2026 08:25:00 PM
Free 21 Addition Math Worksheet For Grade 1 With Answers - Part 61 | Printable Practice,Teachers and parents love this Addition worksheet for Grade 1. Download and print instantly.,https://mathworksheetkidsbloom.github.io/html/free-21-addition-math-worksheet-for-grade-1-with-answers-part-61-4424.html,https://mathworksheetkidsbloom.github.io/images/free-21-addition-math-worksheet-for-grade-1-with-answers-part-61-4424.jpg,Math Practice Printables,03/29/2026 08:27:00 AM
Free Preschool Count and Color Worksheet,Help kids master Count and Color with this printable worksheet for Preschool. Great for daily math practice.,https://mathworksheetkidsbloom.github.io/html/free-preschool-count-and-color-worksheet-2147.html,https://mathworksheetkidsbloom.github.io/images/free-preschool-count-and-color-worksheet-2147.jpg,Printable Worksheets,03/29/2026 11:00:00 AM
Kindergarten Count The Objects Worksheet - Part 63 | Printable Practice,Fun and engaging Counting Objects worksheet for Kindergarten. Perfect printable math practice.,https://mathworksheetkidsbloom.github.io/html/kindergarten-count-the-objects-worksheet-part-63-9077.html,https://mathworksheetkidsbloom.github.io/images/kindergarten-count-the-objects-worksheet-part-63-9077.jpg,Kids Math Worksheets,03/29/2026 01:37:00 PM
Free 28 Division Math Worksheet For Grade 1 - Part 64 | Printable Practice,Teachers and parents love this Division worksheet for Grade 1. Download and print instantly.,https://mathworksheetkidsbloom.github.io/html/free-28-division-math-worksheet-for-grade-1-part-64-1438.html,https://mathworksheetkidsbloom.github.io/images/free-28-division-math-worksheet-for-grade-1-part-64-1438.jpg,Math Practice Printables,03/29/2026 04:34:00 PM
4 Math Trivia for Math Learners,Help kids master Math with this printable worksheet for Math. Great for daily math practice.,https://mathworksheetkidsbloom.github.io/html/4-math-trivia-for-math-learners-1580.html,https://mathworksheetkidsbloom.github.io/images/4-math-trivia-for-math-learners-1580.jpg,Math Practice Printables,03/29/2026 08:25:00 PM
Missing Number Math Worksheet,Printable Missing Number worksheet designed for Grade 1 students. Easy and fun math practice.,https://mathworksheetkidsbloom.github.io/html/missing-number-math-worksheet-4482.html,https://mathworksheetkidsbloom.github.io/images/missing-number-math-worksheet-4482.jpg,Math Practice Printables,03/30/2026 08:36:00 AM
Mixed Operations Math Worksheet,Help kids master Mixed Operations with this printable worksheet for Grade 3. Great for daily math practice.,https://mathworksheetkidsbloom.github.io/html/mixed-operations-math-worksheet-4875.html,https://mathworksheetkidsbloom.github.io/images/mixed-operations-math-worksheet-4875.jpg,Printable Worksheets,03/30/2026 11:00:00 AM
Free 16 Multiplication Math Worksheet For Grade 2 - Part 68 | Printable Practice,Help kids master Multiplication with this printable worksheet for Grade 2. Great for daily math practice.,https://mathworksheetkidsbloom.github.io/html/free-16-multiplication-math-worksheet-for-grade-2-part-68-2194.html,https://mathworksheetkidsbloom.github.io/images/free-16-multiplication-math-worksheet-for-grade-2-part-68-2194.jpg,Printable Worksheets,03/30/2026 01:30:00 PM
Free 30 Subtraction Math Worksheet For Grade 2 With Answers - Part 69 | Printable Practice,Printable Subtraction worksheet designed for Grade 2 students. Easy and fun math practice.,https://mathworksheetkidsbloom.github.io/html/free-30-subtraction-math-worksheet-for-grade-2-with-answers-part-69-3774.html,https://mathworksheetkidsbloom.github.io/images/free-30-subtraction-math-worksheet-for-grade-2-with-answers-part-69-3774.jpg,Homeschool Math,03/30/2026 04:30:00 PM
4 Times Table Worksheet For Grade 2 - Part 70 | Printable Practice,Help kids master Times Table with this printable worksheet for Grade 2. Great for daily math practice.,https://mathworksheetkidsbloom.github.io/html/4-times-table-worksheet-for-grade-2-part-70-4197.html,https://mathworksheetkidsbloom.github.io/images/4-times-table-worksheet-for-grade-2-part-70-4197.jpg,Elementary Math Activities,03/30/2026 08:32:00 PM
Printable Tracing Worksheet For Kids - Part 71 | Free Printable,Free printable Tracing worksheet for Kindergarten. Perfect for homeschool practice and classroom activities.,https://mathworksheetkidsbloom.github.io/html/printable-tracing-worksheet-for-kids-part-71-5276.html,https://mathworksheetkidsbloom.github.io/images/printable-tracing-worksheet-for-kids-part-71-5276.jpg,Kids Math Worksheets,03/31/2026 08:32:00 AM
Math Word Problem Worksheet,Help kids master Word Problem with this printable worksheet for Grade 3. Great for daily math practice.,https://mathworksheetkidsbloom.github.io/html/math-word-problem-worksheet-3779.html,https://mathworksheetkidsbloom.github.io/images/math-word-problem-worksheet-3779.jpg,Kids Math Worksheets,03/31/2026 11:02:00 AM
Free 22 Addition Math Worksheet For Grade 3 - Part 73 | Printable Practice,Teachers and parents love this Addition worksheet for Grade 3. Download and print instantly.,https://mathworksheetkidsbloom.github.io/html/free-22-addition-math-worksheet-for-grade-3-part-73-6548.html,https://mathworksheetkidsbloom.github.io/images/free-22-addition-math-worksheet-for-grade-3-part-73-6548.jpg,Math Practice Printables,03/31/2026 01:25:00 PM
Fun Count and Color Objects Worksheet for Kindergarten,Help kids master Count and Color with this printable worksheet for Kindergarten. Great for daily math practice.,https://mathworksheetkidsbloom.github.io/html/fun-count-and-color-objects-worksheet-for-kindergarten-8756.html,https://mathworksheetkidsbloom.github.io/images/fun-count-and-color-objects-worksheet-for-kindergarten-8756.jpg,Elementary Math Activities,03/31/2026 04:26:00 PM
Free Counting Objects Worksheet For Kindergarten - Part 75 | Printable Practice,Free printable Counting Objects worksheet for Kindergarten. Perfect for homeschool practice and classroom activities.,https://mathworksheetkidsbloom.github.io/html/free-counting-objects-worksheet-for-kindergarten-part-75-8776.html,https://mathworksheetkidsbloom.github.io/images/free-counting-objects-worksheet-for-kindergarten-part-75-8776.jpg,Homeschool Math,03/31/2026 08:32:00 PM
Free 25 Division Math Worksheet For Grade 1 With Answers - Part 76 | Printable Practice,Free printable Division worksheet for Grade 1. Perfect for homeschool practice and classroom activities.,https://mathworksheetkidsbloom.github.io/html/free-25-division-math-worksheet-for-grade-1-with-answers-part-76-7469.html,https://mathworksheetkidsbloom.github.io/images/free-25-division-math-worksheet-for-grade-1-with-answers-part-76-7469.jpg,Kids Math Worksheets,04/01/2026 08:24:00 AM
7 Math Quiz for Practice,Printable Math worksheet designed for Math students. Easy and fun math practice.,https://mathworksheetkidsbloom.github.io/html/7-math-quiz-for-practice-8010.html,https://mathworksheetkidsbloom.github.io/images/7-math-quiz-for-practice-8010.jpg,Kids Math Worksheets,04/01/2026 11:06:00 AM
Missing Number Math Worksheet,Fun and engaging Missing Number worksheet for Grade 1. Perfect printable math practice.,https://mathworksheetkidsbloom.github.io/html/missing-number-math-worksheet-2030.html,https://mathworksheetkidsbloom.github.io/images/missing-number-math-worksheet-2030.jpg,Homeschool Math,04/01/2026 01:23:00 PM
Mixed Operations Math Worksheet,Teachers and parents love this Mixed Operations worksheet for Grade 3. Download and print instantly.,https://mathworksheetkidsbloom.github.io/html/mixed-operations-math-worksheet-6636.html,https://mathworksheetkidsbloom.github.io/images/mixed-operations-math-worksheet-6636.jpg,Elementary Math Activities,04/01/2026 04:36:00 PM
Free 22 Multiplication Math Worksheet For Grade 2 - Part 80 | Printable Practice,Help kids master Multiplication with this printable worksheet for Grade 2. Great for daily math practice.,https://mathworksheetkidsbloom.github.io/html/free-22-multiplication-math-worksheet-for-grade-2-part-80-4808.html,https://mathworksheetkidsbloom.github.io/images/free-22-multiplication-math-worksheet-for-grade-2-part-80-4808.jpg,Printable Worksheets,04/01/2026 08:33:00 PM
Free 13 Subtraction Math Worksheet For Grade 2 - Part 81 | Printable Practice,Free printable Subtraction worksheet for Grade 2. Perfect for homeschool practice and classroom activities.,https://mathworksheetkidsbloom.github.io/html/free-13-subtraction-math-worksheet-for-grade-2-part-81-3446.html,https://mathworksheetkidsbloom.github.io/images/free-13-subtraction-math-worksheet-for-grade-2-part-81-3446.jpg,Printable Worksheets,04/02/2026 08:24:00 AM
Grade 3 Multiplication Table 6 Practice - Part 82 | Printable Practice,Help kids master Times Table with this printable worksheet for Grade 3. Great for daily math practice.,https://mathworksheetkidsbloom.github.io/html/grade-3-multiplication-table-6-practice-part-82-4904.html,https://mathworksheetkidsbloom.github.io/images/grade-3-multiplication-table-6-practice-part-82-4904.jpg,Homeschool Math,04/02/2026 11:00:00 AM
Printable Tracing Worksheet For Kids - Part 83 | Free Printable,Fun and engaging Tracing worksheet for Kindergarten. Perfect printable math practice.,https://mathworksheetkidsbloom.github.io/html/printable-tracing-worksheet-for-kids-part-83-7404.html,https://mathworksheetkidsbloom.github.io/images/printable-tracing-worksheet-for-kids-part-83-7404.jpg,Elementary Math Activities,04/02/2026 01:24:00 PM
Math Word Problem Worksheet,Printable Word Problem worksheet designed for Grade 3 students. Easy and fun math practice.,https://mathworksheetkidsbloom.github.io/html/math-word-problem-worksheet-9707.html,https://mathworksheetkidsbloom.github.io/images/math-word-problem-worksheet-9707.jpg,Homeschool Math,04/02/2026 04:32:00 PM
Free 11 Addition Math Worksheet For Grade 3 - Part 85 | Printable Practice,Free printable Addition worksheet for Grade 3. Perfect for homeschool practice and classroom activities.,https://mathworksheetkidsbloom.github.io/html/free-11-addition-math-worksheet-for-grade-3-part-85-5324.html,https://mathworksheetkidsbloom.github.io/images/free-11-addition-math-worksheet-for-grade-3-part-85-5324.jpg,Homeschool Math,04/02/2026 08:29:00 PM
Printable Count and Color Worksheet for Kindergarten Kids,Fun and engaging Count and Color worksheet for Kindergarten. Perfect printable math practice.,https://mathworksheetkidsbloom.github.io/html/printable-count-and-color-worksheet-for-kindergarten-kids-4842.html,https://mathworksheetkidsbloom.github.io/images/printable-count-and-color-worksheet-for-kindergarten-kids-4842.jpg,Kids Math Worksheets,04/03/2026 08:23:00 AM
Free Counting Objects Worksheet For Kindergarten - Part 87 | Printable Practice,Printable Counting Objects worksheet designed for Kindergarten students. Easy and fun math practice.,https://mathworksheetkidsbloom.github.io/html/free-counting-objects-worksheet-for-kindergarten-part-87-6929.html,https://mathworksheetkidsbloom.github.io/images/free-counting-objects-worksheet-for-kindergarten-part-87-6929.jpg,Kids Math Worksheets,04/03/2026 11:00:00 AM
Free 21 Division Math Worksheet For Grade 2 With Answers - Part 88 | Printable Practice,Printable Division worksheet designed for Grade 2 students. Easy and fun math practice.,https://mathworksheetkidsbloom.github.io/html/free-21-division-math-worksheet-for-grade-2-with-answers-part-88-2793.html,https://mathworksheetkidsbloom.github.io/images/free-21-division-math-worksheet-for-grade-2-with-answers-part-88-2793.jpg,Kids Math Worksheets,04/03/2026 01:38:00 PM
Ultimate Math Challenge Training Worksheet,Free printable Math worksheet for Math. Perfect for homeschool practice and classroom activities.,https://mathworksheetkidsbloom.github.io/html/ultimate-math-challenge-training-worksheet-6901.html,https://mathworksheetkidsbloom.github.io/images/ultimate-math-challenge-training-worksheet-6901.jpg,Elementary Math Activities,04/03/2026 04:35:00 PM
Missing Number Math Worksheet,Help kids master Missing Number with this printable worksheet for Grade 1. Great for daily math practice.,https://mathworksheetkidsbloom.github.io/html/missing-number-math-worksheet-4593.html,https://mathworksheetkidsbloom.github.io/images/missing-number-math-worksheet-4593.jpg,Printable Worksheets,04/03/2026 08:22:00 PM
Mixed Operations Math Worksheet,Printable Mixed Operations worksheet designed for Grade 3 students. Easy and fun math practice.,https://mathworksheetkidsbloom.github.io/html/mixed-operations-math-worksheet-6921.html,https://mathworksheetkidsbloom.github.io/images/mixed-operations-math-worksheet-6921.jpg,Kids Math Worksheets,04/04/2026 08:24:00 AM
Printable Free 23 Multiplication Math Worksheet For Grade 2 - Part 92 | Printable Practice,Fun and engaging Multiplication worksheet for Grade 2. Perfect printable math practice.,https://mathworksheetkidsbloom.github.io/html/printable-free-23-multiplication-math-worksheet-for-grade-2-part-92-1066.html,https://mathworksheetkidsbloom.github.io/images/printable-free-23-multiplication-math-worksheet-for-grade-2-part-92-1066.jpg,Kids Math Worksheets,04/04/2026 11:02:00 AM
Free 25 Subtraction Math Worksheet For Grade 5 - Part 93 | Printable Practice,Free printable Subtraction worksheet for Grade 5. Perfect for homeschool practice and classroom activities.,https://mathworksheetkidsbloom.github.io/html/free-25-subtraction-math-worksheet-for-grade-5-part-93-6778.html,https://mathworksheetkidsbloom.github.io/images/free-25-subtraction-math-worksheet-for-grade-5-part-93-6778.jpg,Math Practice Printables,04/04/2026 01:32:00 PM
9 Times Table Worksheet For Grade 3 - Part 94 | Printable Practice,Printable Times Table worksheet designed for Grade 3 students. Easy and fun math practice.,https://mathworksheetkidsbloom.github.io/html/9-times-table-worksheet-for-grade-3-part-94-1305.html,https://mathworksheetkidsbloom.github.io/images/9-times-table-worksheet-for-grade-3-part-94-1305.jpg,Kids Math Worksheets,04/04/2026 04:35:00 PM
Printable Tracing Worksheet For Kids - Part 95 | Free Printable,Teachers and parents love this Tracing worksheet for Kindergarten. Download and print instantly.,https://mathworksheetkidsbloom.github.io/html/printable-tracing-worksheet-for-kids-part-95-7102.html,https://mathworksheetkidsbloom.github.io/images/printable-tracing-worksheet-for-kids-part-95-7102.jpg,Printable Worksheets,04/04/2026 08:27:00 PM
Math Word Problem Worksheet,Printable Word Problem worksheet designed for Grade 3 students. Easy and fun math practice.,https://mathworksheetkidsbloom.github.io/html/math-word-problem-worksheet-5638.html,https://mathworksheetkidsbloom.github.io/images/math-word-problem-worksheet-5638.jpg,Kids Math Worksheets,04/05/2026 08:29:00 AM
Grade 3 Addition Practice Worksheet (28 Problems) - Part 97 | Printable Practice,Help kids master Addition with this printable worksheet for Grade 3. Great for daily math practice.,https://mathworksheetkidsbloom.github.io/html/grade-3-addition-practice-worksheet-28-problems-part-97-3131.html,https://mathworksheetkidsbloom.github.io/images/grade-3-addition-practice-worksheet-28-problems-part-97-3131.jpg,Kids Math Worksheets,04/05/2026 11:04:00 AM
Fun Count and Color Objects Worksheet for Grade 1,Help kids master Count and Color with this printable worksheet for Grade 1. Great for daily math practice.,https://mathworksheetkidsbloom.github.io/html/fun-count-and-color-objects-worksheet-for-grade-1-7262.html,https://mathworksheetkidsbloom.github.io/images/fun-count-and-color-objects-worksheet-for-grade-1-7262.jpg,Printable Worksheets,04/05/2026 01:37:00 PM
Learn Counting With Pictures Worksheet (Kindergarten) - Part 99 | Printable Practice,Fun and engaging Counting Objects worksheet for Kindergarten. Perfect printable math practice.,https://mathworksheetkidsbloom.github.io/html/learn-counting-with-pictures-worksheet-kindergarten-part-99-5884.html,https://mathworksheetkidsbloom.github.io/images/learn-counting-with-pictures-worksheet-kindergarten-part-99-5884.jpg,Printable Worksheets,04/05/2026 04:28:00 PM
Free 20 Division Math Worksheet For Grade 1 - Part 100 | Printable Practice,Printable Division worksheet designed for Grade 1 students. Easy and fun math practice.,https://mathworksheetkidsbloom.github.io/html/free-20-division-math-worksheet-for-grade-1-part-100-1699.html,https://mathworksheetkidsbloom.github.io/images/free-20-division-math-worksheet-for-grade-1-part-100-1699.jpg,Kids Math Worksheets,04/05/2026 08:23:00 PM
8 Math Questions Printable Worksheet,Printable Math worksheet designed for Math students. Easy and fun math practice.,https://mathworksheetkidsbloom.github.io/html/8-math-questions-printable-worksheet-4094.html,https://mathworksheetkidsbloom.github.io/images/8-math-questions-printable-worksheet-4094.jpg,Math Practice Printables,04/06/2026 08:25:00 AM
Missing Number Math Worksheet,Free printable Missing Number worksheet for Grade 1. Perfect for homeschool practice and classroom activities.,https://mathworksheetkidsbloom.github.io/html/missing-number-math-worksheet-8314.html,https://mathworksheetkidsbloom.github.io/images/missing-number-math-worksheet-8314.jpg,Homeschool Math,04/06/2026 11:00:00 AM
Mixed Operations Math Worksheet,Teachers and parents love this Mixed Operations worksheet for Grade 3. Download and print instantly.,https://mathworksheetkidsbloom.github.io/html/mixed-operations-math-worksheet-8817.html,https://mathworksheetkidsbloom.github.io/images/mixed-operations-math-worksheet-8817.jpg,Elementary Math Activities,04/06/2026 01:29:00 PM
Free 25 Multiplication Math Worksheet For Grade 1 - Part 104 | Printable Practice,Help kids master Multiplication with this printable worksheet for Grade 1. Great for daily math practice.,https://mathworksheetkidsbloom.github.io/html/free-25-multiplication-math-worksheet-for-grade-1-part-104-4295.html,https://mathworksheetkidsbloom.github.io/images/free-25-multiplication-math-worksheet-for-grade-1-part-104-4295.jpg,Printable Worksheets,04/06/2026 04:38:00 PM
Free 10 Subtraction Math Worksheet For Grade 3 With Answers - Part 105 | Printable Practice,Teachers and parents love this Subtraction worksheet for Grade 3. Download and print instantly.,https://mathworksheetkidsbloom.github.io/html/free-10-subtraction-math-worksheet-for-grade-3-with-answers-part-105-3725.html,https://mathworksheetkidsbloom.github.io/images/free-10-subtraction-math-worksheet-for-grade-3-with-answers-part-105-3725.jpg,Kids Math Worksheets,04/06/2026 08:30:00 PM
Printable 11 Times Table Worksheet For Grade 4 - Part 106 | Printable Practice,Fun and engaging Times Table worksheet for Grade 4. Perfect printable math practice.,https://mathworksheetkidsbloom.github.io/html/printable-11-times-table-worksheet-for-grade-4-part-106-3356.html,https://mathworksheetkidsbloom.github.io/images/printable-11-times-table-worksheet-for-grade-4-part-106-3356.jpg,Kids Math Worksheets,04/07/2026 08:35:00 AM
Printable Tracing Worksheet For Kids - Part 107 | Free Printable,Free printable Tracing worksheet for Preschool. Perfect for homeschool practice and classroom activities.,https://mathworksheetkidsbloom.github.io/html/printable-tracing-worksheet-for-kids-part-107-6435.html,https://mathworksheetkidsbloom.github.io/images/printable-tracing-worksheet-for-kids-part-107-6435.jpg,Kids Math Worksheets,04/07/2026 11:00:00 AM
Math Word Problem Worksheet,Printable Word Problem worksheet designed for Grade 3 students. Easy and fun math practice.,https://mathworksheetkidsbloom.github.io/html/math-word-problem-worksheet-9274.html,https://mathworksheetkidsbloom.github.io/images/math-word-problem-worksheet-9274.jpg,Homeschool Math,04/07/2026 01:22:00 PM
Printable Free 10 Addition Math Worksheet For Grade 3 - Part 109 | Printable Practice,Fun and engaging Addition worksheet for Grade 3. Perfect printable math practice.,https://mathworksheetkidsbloom.github.io/html/printable-free-10-addition-math-worksheet-for-grade-3-part-109-2762.html,https://mathworksheetkidsbloom.github.io/images/printable-free-10-addition-math-worksheet-for-grade-3-part-109-2762.jpg,Elementary Math Activities,04/07/2026 04:24:00 PM
Printable Count and Color Worksheet for Grade 1 Kids,Fun and engaging Count and Color worksheet for Grade 1. Perfect printable math practice.,https://mathworksheetkidsbloom.github.io/html/printable-count-and-color-worksheet-for-grade-1-kids-8992.html,https://mathworksheetkidsbloom.github.io/images/printable-count-and-color-worksheet-for-grade-1-kids-8992.jpg,Math Practice Printables,04/07/2026 08:31:00 PM
Learn Counting With Pictures Worksheet (Pre-K) - Part 111 | Printable Practice,Free printable Counting Objects worksheet for Pre-K. Perfect for homeschool practice and classroom activities.,https://mathworksheetkidsbloom.github.io/html/learn-counting-with-pictures-worksheet-pre-k-part-111-6149.html,https://mathworksheetkidsbloom.github.io/images/learn-counting-with-pictures-worksheet-pre-k-part-111-6149.jpg,Elementary Math Activities,04/08/2026 08:24:00 AM
Printable Free 29 Division Math Worksheet For Grade 2 - Part 112 | Printable Practice,Free printable Division worksheet for Grade 2. Perfect for homeschool practice and classroom activities.,https://mathworksheetkidsbloom.github.io/html/printable-free-29-division-math-worksheet-for-grade-2-part-112-9681.html,https://mathworksheetkidsbloom.github.io/images/printable-free-29-division-math-worksheet-for-grade-2-part-112-9681.jpg,Math Practice Printables,04/08/2026 11:00:00 AM
4 Math Quiz for Students,Printable Math worksheet designed for Math students. Easy and fun math practice.,https://mathworksheetkidsbloom.github.io/html/4-math-quiz-for-students-8556.html,https://mathworksheetkidsbloom.github.io/images/4-math-quiz-for-students-8556.jpg,Homeschool Math,04/08/2026 01:38:00 PM
Missing Number Math Worksheet,Fun and engaging Missing Number worksheet for Grade 1. Perfect printable math practice.,https://mathworksheetkidsbloom.github.io/html/missing-number-math-worksheet-4358.html,https://mathworksheetkidsbloom.github.io/images/missing-number-math-worksheet-4358.jpg,Homeschool Math,04/08/2026 04:28:00 PM
Mixed Operations Math Worksheet,Printable Mixed Operations worksheet designed for Grade 3 students. Easy and fun math practice.,https://mathworksheetkidsbloom.github.io/html/mixed-operations-math-worksheet-7063.html,https://mathworksheetkidsbloom.github.io/images/mixed-operations-math-worksheet-7063.jpg,Math Practice Printables,04/08/2026 08:27:00 PM
Free 22 Multiplication Math Worksheet For Grade 2 With Answers - Part 116 | Printable Practice,Free printable Multiplication worksheet for Grade 2. Perfect for homeschool practice and classroom activities.,https://mathworksheetkidsbloom.github.io/html/free-22-multiplication-math-worksheet-for-grade-2-with-answers-part-116-8619.html,https://mathworksheetkidsbloom.github.io/images/free-22-multiplication-math-worksheet-for-grade-2-with-answers-part-116-8619.jpg,Math Practice Printables,04/09/2026 08:26:00 AM
Free 28 Subtraction Math Worksheet For Grade 3 With Answers - Part 117 | Printable Practice,Printable Subtraction worksheet designed for Grade 3 students. Easy and fun math practice.,https://mathworksheetkidsbloom.github.io/html/free-28-subtraction-math-worksheet-for-grade-3-with-answers-part-117-8159.html,https://mathworksheetkidsbloom.github.io/images/free-28-subtraction-math-worksheet-for-grade-3-with-answers-part-117-8159.jpg,Printable Worksheets,04/09/2026 11:04:00 AM
Grade 3 Multiplication Table 10 Practice - Part 118 | Printable Practice,Help kids master Times Table with this printable worksheet for Grade 3. Great for daily math practice.,https://mathworksheetkidsbloom.github.io/html/grade-3-multiplication-table-10-practice-part-118-7313.html,https://mathworksheetkidsbloom.github.io/images/grade-3-multiplication-table-10-practice-part-118-7313.jpg,Kids Math Worksheets,04/09/2026 01:38:00 PM
Printable Tracing Worksheet For Kids - Part 119 | Free Printable,Teachers and parents love this Tracing worksheet for Preschool. Download and print instantly.,https://mathworksheetkidsbloom.github.io/html/printable-tracing-worksheet-for-kids-part-119-5362.html,https://mathworksheetkidsbloom.github.io/images/printable-tracing-worksheet-for-kids-part-119-5362.jpg,Homeschool Math,04/09/2026 04:31:00 PM
Math Word Problem Worksheet,Teachers and parents love this Word Problem worksheet for Grade 3. Download and print instantly.,https://mathworksheetkidsbloom.github.io/html/math-word-problem-worksheet-4935.html,https://mathworksheetkidsbloom.github.io/images/math-word-problem-worksheet-4935.jpg,Printable Worksheets,04/09/2026 08:33:00 PM
Printable Free 21 Addition Math Worksheet For Grade 5 - Part 121 | Printable Practice,Fun and engaging Addition worksheet for Grade 5. Perfect printable math practice.,https://mathworksheetkidsbloom.github.io/html/printable-free-21-addition-math-worksheet-for-grade-5-part-121-7889.html,https://mathworksheetkidsbloom.github.io/images/printable-free-21-addition-math-worksheet-for-grade-5-part-121-7889.jpg,Math Practice Printables,04/10/2026 08:27:00 AM
3 Free Count and Color Worksheets for Grade 1,Free printable Count and Color worksheet for Grade 1. Perfect for homeschool practice and classroom activities.,https://mathworksheetkidsbloom.github.io/html/3-free-count-and-color-worksheets-for-grade-1-5490.html,https://mathworksheetkidsbloom.github.io/images/3-free-count-and-color-worksheets-for-grade-1-5490.jpg,Printable Worksheets,04/10/2026 11:00:00 AM
Learn Counting With Pictures Worksheet (Kindergarten) - Part 123 | Printable Practice,Fun and engaging Counting Objects worksheet for Kindergarten. Perfect printable math practice.,https://mathworksheetkidsbloom.github.io/html/learn-counting-with-pictures-worksheet-kindergarten-part-123-3993.html,https://mathworksheetkidsbloom.github.io/images/learn-counting-with-pictures-worksheet-kindergarten-part-123-3993.jpg,Kids Math Worksheets,04/10/2026 01:29:00 PM
Free 10 Division Math Worksheet For Grade 1 - Part 124 | Printable Practice,Help kids master Division with this printable worksheet for Grade 1. Great for daily math practice.,https://mathworksheetkidsbloom.github.io/html/free-10-division-math-worksheet-for-grade-1-part-124-5841.html,https://mathworksheetkidsbloom.github.io/images/free-10-division-math-worksheet-for-grade-1-part-124-5841.jpg,Elementary Math Activities,04/10/2026 04:33:00 PM
Interactive Math Knowledge Test Worksheet,Fun and engaging Math worksheet for Math. Perfect printable math practice.,https://mathworksheetkidsbloom.github.io/html/interactive-math-knowledge-test-worksheet-5488.html,https://mathworksheetkidsbloom.github.io/images/interactive-math-knowledge-test-worksheet-5488.jpg,Math Practice Printables,04/10/2026 08:22:00 PM
Missing Number Math Worksheet,Free printable Missing Number worksheet for Grade 1. Perfect for homeschool practice and classroom activities.,https://mathworksheetkidsbloom.github.io/html/missing-number-math-worksheet-5923.html,https://mathworksheetkidsbloom.github.io/images/missing-number-math-worksheet-5923.jpg,Homeschool Math,04/11/2026 08:28:00 AM
Mixed Operations Math Worksheet,Help kids master Mixed Operations with this printable worksheet for Grade 3. Great for daily math practice.,https://mathworksheetkidsbloom.github.io/html/mixed-operations-math-worksheet-3057.html,https://mathworksheetkidsbloom.github.io/images/mixed-operations-math-worksheet-3057.jpg,Printable Worksheets,04/11/2026 11:00:00 AM
Free 10 Multiplication Math Worksheet For Grade 1 - Part 128 | Printable Practice,Free printable Multiplication worksheet for Grade 1. Perfect for homeschool practice and classroom activities.,https://mathworksheetkidsbloom.github.io/html/free-10-multiplication-math-worksheet-for-grade-1-part-128-3243.html,https://mathworksheetkidsbloom.github.io/images/free-10-multiplication-math-worksheet-for-grade-1-part-128-3243.jpg,Homeschool Math,04/11/2026 01:38:00 PM
Free 24 Subtraction Math Worksheet For Grade 5 With Answers - Part 129 | Printable Practice,Free printable Subtraction worksheet for Grade 5. Perfect for homeschool practice and classroom activities.,https://mathworksheetkidsbloom.github.io/html/free-24-subtraction-math-worksheet-for-grade-5-with-answers-part-129-9694.html,https://mathworksheetkidsbloom.github.io/images/free-24-subtraction-math-worksheet-for-grade-5-with-answers-part-129-9694.jpg,Math Practice Printables,04/11/2026 04:23:00 PM
9 Times Table Worksheet For Grade 3 With Answers - Part 130 | Printable Practice,Printable Times Table worksheet designed for Grade 3 students. Easy and fun math practice.,https://mathworksheetkidsbloom.github.io/html/9-times-table-worksheet-for-grade-3-with-answers-part-130-7310.html,https://mathworksheetkidsbloom.github.io/images/9-times-table-worksheet-for-grade-3-with-answers-part-130-7310.jpg,Kids Math Worksheets,04/11/2026 08:38:00 PM
Printable Tracing Worksheet For Kids - Part 131 | Free Printable,Teachers and parents love this Tracing worksheet for Kindergarten. Download and print instantly.,https://mathworksheetkidsbloom.github.io/html/printable-tracing-worksheet-for-kids-part-131-6871.html,https://mathworksheetkidsbloom.github.io/images/printable-tracing-worksheet-for-kids-part-131-6871.jpg,Math Practice Printables,04/12/2026 08:30:00 AM
Math Word Problem Worksheet,Free printable Word Problem worksheet for Grade 3. Perfect for homeschool practice and classroom activities.,https://mathworksheetkidsbloom.github.io/html/math-word-problem-worksheet-3930.html,https://mathworksheetkidsbloom.github.io/images/math-word-problem-worksheet-3930.jpg,Printable Worksheets,04/12/2026 11:01:00 AM
Free 24 Addition Math Worksheet For Grade 3 - Part 133 | Printable Practice,Help kids master Addition with this printable worksheet for Grade 3. Great for daily math practice.,https://mathworksheetkidsbloom.github.io/html/free-24-addition-math-worksheet-for-grade-3-part-133-8078.html,https://mathworksheetkidsbloom.github.io/images/free-24-addition-math-worksheet-for-grade-3-part-133-8078.jpg,Elementary Math Activities,04/12/2026 01:25:00 PM
3 Free Count and Color Worksheets for Grade 1,Help kids master Count and Color with this printable worksheet for Grade 1. Great for daily math practice.,https://mathworksheetkidsbloom.github.io/html/3-free-count-and-color-worksheets-for-grade-1-4425.html,https://mathworksheetkidsbloom.github.io/images/3-free-count-and-color-worksheets-for-grade-1-4425.jpg,Printable Worksheets,04/12/2026 04:26:00 PM
Kindergarten Count The Objects Worksheet - Part 135 | Printable Practice,Free printable Counting Objects worksheet for Kindergarten. Perfect for homeschool practice and classroom activities.,https://mathworksheetkidsbloom.github.io/html/kindergarten-count-the-objects-worksheet-part-135-1637.html,https://mathworksheetkidsbloom.github.io/images/kindergarten-count-the-objects-worksheet-part-135-1637.jpg,Homeschool Math,04/12/2026 08:26:00 PM
Grade 1 Division Practice Worksheet (27 Problems) - Part 136 | Printable Practice,Help kids master Division with this printable worksheet for Grade 1. Great for daily math practice.,https://mathworksheetkidsbloom.github.io/html/grade-1-division-practice-worksheet-27-problems-part-136-3298.html,https://mathworksheetkidsbloom.github.io/images/grade-1-division-practice-worksheet-27-problems-part-136-3298.jpg,Elementary Math Activities,04/13/2026 08:38:00 AM
Printable Math Knowledge Test Worksheet (4 Questions),Help kids master Math with this printable worksheet for Math. Great for daily math practice.,https://mathworksheetkidsbloom.github.io/html/printable-math-knowledge-test-worksheet-4-questions-7368.html,https://mathworksheetkidsbloom.github.io/images/printable-math-knowledge-test-worksheet-4-questions-7368.jpg,Homeschool Math,04/13/2026 11:08:00 AM
Missing Number Math Worksheet,Free printable Missing Number worksheet for Grade 1. Perfect for homeschool practice and classroom activities.,https://mathworksheetkidsbloom.github.io/html/missing-number-math-worksheet-8428.html,https://mathworksheetkidsbloom.github.io/images/missing-number-math-worksheet-8428.jpg,Elementary Math Activities,04/13/2026 01:32:00 PM
Mixed Operations Math Worksheet,Free printable Mixed Operations worksheet for Grade 3. Perfect for homeschool practice and classroom activities.,https://mathworksheetkidsbloom.github.io/html/mixed-operations-math-worksheet-5072.html,https://mathworksheetkidsbloom.github.io/images/mixed-operations-math-worksheet-5072.jpg,Printable Worksheets,04/13/2026 04:35:00 PM
Grade 2 Multiplication Practice Worksheet (25 Problems) - Part 140 | Printable Practice,Fun and engaging Multiplication worksheet for Grade 2. Perfect printable math practice.,https://mathworksheetkidsbloom.github.io/html/grade-2-multiplication-practice-worksheet-25-problems-part-140-1115.html,https://mathworksheetkidsbloom.github.io/images/grade-2-multiplication-practice-worksheet-25-problems-part-140-1115.jpg,Math Practice Printables,04/13/2026 08:27:00 PM
Grade 3 Subtraction Practice Worksheet (30 Problems) - Part 141 | Printable Practice,Free printable Subtraction worksheet for Grade 3. Perfect for homeschool practice and classroom activities.,https://mathworksheetkidsbloom.github.io/html/grade-3-subtraction-practice-worksheet-30-problems-part-141-8495.html,https://mathworksheetkidsbloom.github.io/images/grade-3-subtraction-practice-worksheet-30-problems-part-141-8495.jpg,Kids Math Worksheets,04/14/2026 08:26:00 AM
3 Times Table Worksheet For Grade 2 With Answers - Part 142 | Printable Practice,Teachers and parents love this Times Table worksheet for Grade 2. Download and print instantly.,https://mathworksheetkidsbloom.github.io/html/3-times-table-worksheet-for-grade-2-with-answers-part-142-6601.html,https://mathworksheetkidsbloom.github.io/images/3-times-table-worksheet-for-grade-2-with-answers-part-142-6601.jpg,Elementary Math Activities,04/14/2026 11:06:00 AM
Printable Tracing Worksheet For Kids - Part 143 | Free Printable,Printable Tracing worksheet designed for Preschool students. Easy and fun math practice.,https://mathworksheetkidsbloom.github.io/html/printable-tracing-worksheet-for-kids-part-143-2017.html,https://mathworksheetkidsbloom.github.io/images/printable-tracing-worksheet-for-kids-part-143-2017.jpg,Kids Math Worksheets,04/14/2026 01:29:00 PM
Math Word Problem Worksheet,Printable Word Problem worksheet designed for Grade 3 students. Easy and fun math practice.,https://mathworksheetkidsbloom.github.io/html/math-word-problem-worksheet-4361.html,https://mathworksheetkidsbloom.github.io/images/math-word-problem-worksheet-4361.jpg,Kids Math Worksheets,04/14/2026 04:26:00 PM
Free 22 Addition Math Worksheet For Grade 3 - Part 145 | Printable Practice,Fun and engaging Addition worksheet for Grade 3. Perfect printable math practice.,https://mathworksheetkidsbloom.github.io/html/free-22-addition-math-worksheet-for-grade-3-part-145-6918.html,https://mathworksheetkidsbloom.github.io/images/free-22-addition-math-worksheet-for-grade-3-part-145-6918.jpg,Homeschool Math,04/14/2026 08:29:00 PM
Fun Count and Color Objects Worksheet for Preschool,Teachers and parents love this Count and Color worksheet for Preschool. Download and print instantly.,https://mathworksheetkidsbloom.github.io/html/fun-count-and-color-objects-worksheet-for-preschool-4179.html,https://mathworksheetkidsbloom.github.io/images/fun-count-and-color-objects-worksheet-for-preschool-4179.jpg,Printable Worksheets,04/15/2026 08:24:00 AM
Free Counting Objects Worksheet For Kindergarten Printable - Part 147 | Printable Practice,Free printable Counting Objects worksheet for Kindergarten. Perfect for homeschool practice and classroom activities.,https://mathworksheetkidsbloom.github.io/html/free-counting-objects-worksheet-for-kindergarten-printable-part-147-3956.html,https://mathworksheetkidsbloom.github.io/images/free-counting-objects-worksheet-for-kindergarten-printable-part-147-3956.jpg,Homeschool Math,04/15/2026 11:03:00 AM
Grade 2 Division Practice Worksheet (22 Problems) - Part 148 | Printable Practice,Free printable Division worksheet for Grade 2. Perfect for homeschool practice and classroom activities.,https://mathworksheetkidsbloom.github.io/html/grade-2-division-practice-worksheet-22-problems-part-148-8330.html,https://mathworksheetkidsbloom.github.io/images/grade-2-division-practice-worksheet-22-problems-part-148-8330.jpg,Printable Worksheets,04/15/2026 01:33:00 PM
Daily Math Knowledge Test for Students (4 Questions),Printable Math worksheet designed for Math students. Easy and fun math practice.,https://mathworksheetkidsbloom.github.io/html/daily-math-knowledge-test-for-students-4-questions-3809.html,https://mathworksheetkidsbloom.github.io/images/daily-math-knowledge-test-for-students-4-questions-3809.jpg,Elementary Math Activities,04/15/2026 04:33:00 PM
Missing Number Math Worksheet,Fun and engaging Missing Number worksheet for Grade 1. Perfect printable math practice.,https://mathworksheetkidsbloom.github.io/html/missing-number-math-worksheet-2579.html,https://mathworksheetkidsbloom.github.io/images/missing-number-math-worksheet-2579.jpg,Math Practice Printables,04/15/2026 08:31:00 PM
Mixed Operations Math Worksheet,Printable Mixed Operations worksheet designed for Grade 3 students. Easy and fun math practice.,https://mathworksheetkidsbloom.github.io/html/mixed-operations-math-worksheet-4984.html,https://mathworksheetkidsbloom.github.io/images/mixed-operations-math-worksheet-4984.jpg,Elementary Math Activities,04/16/2026 08:34:00 AM
Grade 2 Multiplication Practice Worksheet (26 Problems) - Part 152 | Printable Practice,Teachers and parents love this Multiplication worksheet for Grade 2. Download and print instantly.,https://mathworksheetkidsbloom.github.io/html/grade-2-multiplication-practice-worksheet-26-problems-part-152-5359.html,https://mathworksheetkidsbloom.github.io/images/grade-2-multiplication-practice-worksheet-26-problems-part-152-5359.jpg,Homeschool Math,04/16/2026 11:08:00 AM
Grade 3 Subtraction Practice Worksheet (14 Problems) - Part 153 | Printable Practice,Help kids master Subtraction with this printable worksheet for Grade 3. Great for daily math practice.,https://mathworksheetkidsbloom.github.io/html/grade-3-subtraction-practice-worksheet-14-problems-part-153-1666.html,https://mathworksheetkidsbloom.github.io/images/grade-3-subtraction-practice-worksheet-14-problems-part-153-1666.jpg,Math Practice Printables,04/16/2026 01:30:00 PM
5 Times Table Worksheet For Grade 2 With Answers - Part 154 | Printable Practice,Printable Times Table worksheet designed for Grade 2 students. Easy and fun math practice.,https://mathworksheetkidsbloom.github.io/html/5-times-table-worksheet-for-grade-2-with-answers-part-154-5140.html,https://mathworksheetkidsbloom.github.io/images/5-times-table-worksheet-for-grade-2-with-answers-part-154-5140.jpg,Elementary Math Activities,04/16/2026 04:23:00 PM
Printable Tracing Worksheet For Kids - Part 155 | Free Printable,Help kids master Tracing with this printable worksheet for Kindergarten. Great for daily math practice.,https://mathworksheetkidsbloom.github.io/html/printable-tracing-worksheet-for-kids-part-155-5600.html,https://mathworksheetkidsbloom.github.io/images/printable-tracing-worksheet-for-kids-part-155-5600.jpg,Homeschool Math,04/16/2026 08:34:00 PM
Math Word Problem Worksheet,Help kids master Word Problem with this printable worksheet for Grade 3. Great for daily math practice.,https://mathworksheetkidsbloom.github.io/html/math-word-problem-worksheet-8023.html,https://mathworksheetkidsbloom.github.io/images/math-word-problem-worksheet-8023.jpg,Kids Math Worksheets,04/17/2026 08:38:00 AM
Free 19 Addition Math Worksheet For Grade 5 With Answers - Part 157 | Printable Practice,Fun and engaging Addition worksheet for Grade 5. Perfect printable math practice.,https://mathworksheetkidsbloom.github.io/html/free-19-addition-math-worksheet-for-grade-5-with-answers-part-157-3758.html,https://mathworksheetkidsbloom.github.io/images/free-19-addition-math-worksheet-for-grade-5-with-answers-part-157-3758.jpg,Homeschool Math,04/17/2026 11:03:00 AM
4 Free Count and Color Worksheets for Kindergarten,Teachers and parents love this Count and Color worksheet for Kindergarten. Download and print instantly.,https://mathworksheetkidsbloom.github.io/html/4-free-count-and-color-worksheets-for-kindergarten-3376.html,https://mathworksheetkidsbloom.github.io/images/4-free-count-and-color-worksheets-for-kindergarten-3376.jpg,Printable Worksheets,04/17/2026 01:25:00 PM
Free Counting Objects Worksheet For Kindergarten - Part 159 | Printable Practice,Printable Counting Objects worksheet designed for Kindergarten students. Easy and fun math practice.,https://mathworksheetkidsbloom.github.io/html/free-counting-objects-worksheet-for-kindergarten-part-159-8029.html,https://mathworksheetkidsbloom.github.io/images/free-counting-objects-worksheet-for-kindergarten-part-159-8029.jpg,Homeschool Math,04/17/2026 04:23:00 PM
Free 11 Division Math Worksheet For Grade 2 With Answers - Part 160 | Printable Practice,Fun and engaging Division worksheet for Grade 2. Perfect printable math practice.,https://mathworksheetkidsbloom.github.io/html/free-11-division-math-worksheet-for-grade-2-with-answers-part-160-9277.html,https://mathworksheetkidsbloom.github.io/images/free-11-division-math-worksheet-for-grade-2-with-answers-part-160-9277.jpg,Math Practice Printables,04/17/2026 08:36:00 PM
Free Printable Math Challenge for Students (8 Questions),Fun and engaging Math worksheet for Math. Perfect printable math practice.,https://mathworksheetkidsbloom.github.io/html/free-printable-math-challenge-for-students-8-questions-4256.html,https://mathworksheetkidsbloom.github.io/images/free-printable-math-challenge-for-students-8-questions-4256.jpg,Elementary Math Activities,04/18/2026 08:27:00 AM
Missing Number Math Worksheet,Fun and engaging Missing Number worksheet for Grade 1. Perfect printable math practice.,https://mathworksheetkidsbloom.github.io/html/missing-number-math-worksheet-9946.html,https://mathworksheetkidsbloom.github.io/images/missing-number-math-worksheet-9946.jpg,Homeschool Math,04/18/2026 11:01:00 AM
Mixed Operations Math Worksheet,Printable Mixed Operations worksheet designed for Grade 3 students. Easy and fun math practice.,https://mathworksheetkidsbloom.github.io/html/mixed-operations-math-worksheet-6103.html,https://mathworksheetkidsbloom.github.io/images/mixed-operations-math-worksheet-6103.jpg,Kids Math Worksheets,04/18/2026 01:29:00 PM
Grade 1 Multiplication Practice Worksheet (29 Problems) - Part 164 | Printable Practice,Printable Multiplication worksheet designed for Grade 1 students. Easy and fun math practice.,https://mathworksheetkidsbloom.github.io/html/grade-1-multiplication-practice-worksheet-29-problems-part-164-5741.html,https://mathworksheetkidsbloom.github.io/images/grade-1-multiplication-practice-worksheet-29-problems-part-164-5741.jpg,Elementary Math Activities,04/18/2026 04:32:00 PM
Printable Free 18 Subtraction Math Worksheet For Grade 3 - Part 165 | Printable Practice,Help kids master Subtraction with this printable worksheet for Grade 3. Great for daily math practice.,https://mathworksheetkidsbloom.github.io/html/printable-free-18-subtraction-math-worksheet-for-grade-3-part-165-4693.html,https://mathworksheetkidsbloom.github.io/images/printable-free-18-subtraction-math-worksheet-for-grade-3-part-165-4693.jpg,Math Practice Printables,04/18/2026 08:36:00 PM
2 Times Table Worksheet For Grade 2 - Part 166 | Printable Practice,Printable Times Table worksheet designed for Grade 2 students. Easy and fun math practice.,https://mathworksheetkidsbloom.github.io/html/2-times-table-worksheet-for-grade-2-part-166-8808.html,https://mathworksheetkidsbloom.github.io/images/2-times-table-worksheet-for-grade-2-part-166-8808.jpg,Math Practice Printables,04/19/2026 08:27:00 AM
Printable Tracing Worksheet For Kids - Part 167 | Free Printable,Printable Tracing worksheet designed for Preschool students. Easy and fun math practice.,https://mathworksheetkidsbloom.github.io/html/printable-tracing-worksheet-for-kids-part-167-3423.html,https://mathworksheetkidsbloom.github.io/images/printable-tracing-worksheet-for-kids-part-167-3423.jpg,Kids Math Worksheets,04/19/2026 11:00:00 AM
Math Word Problem Worksheet,Free printable Word Problem worksheet for Grade 3. Perfect for homeschool practice and classroom activities.,https://mathworksheetkidsbloom.github.io/html/math-word-problem-worksheet-5274.html,https://mathworksheetkidsbloom.github.io/images/math-word-problem-worksheet-5274.jpg,Homeschool Math,04/19/2026 01:34:00 PM
Free 28 Addition Math Worksheet For Grade 3 - Part 169 | Printable Practice,Free printable Addition worksheet for Grade 3. Perfect for homeschool practice and classroom activities.,https://mathworksheetkidsbloom.github.io/html/free-28-addition-math-worksheet-for-grade-3-part-169-9856.html,https://mathworksheetkidsbloom.github.io/images/free-28-addition-math-worksheet-for-grade-3-part-169-9856.jpg,Homeschool Math,04/19/2026 04:34:00 PM
"Count and Color Square, Flower, Square Worksheet for Kids",Free printable Count and Color worksheet for Kindergarten. Perfect for homeschool practice and classroom activities.,https://mathworksheetkidsbloom.github.io/html/count-and-color-square-flower-square-worksheet-for-kids-1274.html,https://mathworksheetkidsbloom.github.io/images/count-and-color-square-flower-square-worksheet-for-kids-1274.jpg,Elementary Math Activities,04/19/2026 08:36:00 PM
Pre-K Count The Objects Worksheet - Part 171 | Printable Practice,Help kids master Counting Objects with this printable worksheet for Pre-K. Great for daily math practice.,https://mathworksheetkidsbloom.github.io/html/pre-k-count-the-objects-worksheet-part-171-6108.html,https://mathworksheetkidsbloom.github.io/images/pre-k-count-the-objects-worksheet-part-171-6108.jpg,Printable Worksheets,04/20/2026 08:26:00 AM
Free 23 Division Math Worksheet For Grade 2 - Part 172 | Printable Practice,Free printable Division worksheet for Grade 2. Perfect for homeschool practice and classroom activities.,https://mathworksheetkidsbloom.github.io/html/free-23-division-math-worksheet-for-grade-2-part-172-2238.html,https://mathworksheetkidsbloom.github.io/images/free-23-division-math-worksheet-for-grade-2-part-172-2238.jpg,Elementary Math Activities,04/20/2026 11:00:00 AM
Ultimate Math Quiz Training Worksheet for Teens,Fun and engaging Math worksheet for Math. Perfect printable math practice.,https://mathworksheetkidsbloom.github.io/html/ultimate-math-quiz-training-worksheet-for-teens-3887.html,https://mathworksheetkidsbloom.github.io/images/ultimate-math-quiz-training-worksheet-for-teens-3887.jpg,Printable Worksheets,04/20/2026 01:28:00 PM
Missing Number Math Worksheet,Free printable Missing Number worksheet for Grade 1. Perfect for homeschool practice and classroom activities.,https://mathworksheetkidsbloom.github.io/html/missing-number-math-worksheet-3302.html,https://mathworksheetkidsbloom.github.io/images/missing-number-math-worksheet-3302.jpg,Math Practice Printables,04/20/2026 04:34:00 PM
Mixed Operations Math Worksheet,Fun and engaging Mixed Operations worksheet for Grade 3. Perfect printable math practice.,https://mathworksheetkidsbloom.github.io/html/mixed-operations-math-worksheet-7364.html,https://mathworksheetkidsbloom.github.io/images/mixed-operations-math-worksheet-7364.jpg,Homeschool Math,04/20/2026 08:27:00 PM
Grade 1 Multiplication Practice Worksheet (22 Problems) - Part 176 | Printable Practice,Help kids master Multiplication with this printable worksheet for Grade 1. Great for daily math practice.,https://mathworksheetkidsbloom.github.io/html/grade-1-multiplication-practice-worksheet-22-problems-part-176-5841.html,https://mathworksheetkidsbloom.github.io/images/grade-1-multiplication-practice-worksheet-22-problems-part-176-5841.jpg,Printable Worksheets,04/21/2026 08:34:00 AM
Free 21 Subtraction Math Worksheet For Grade 3 With Answers - Part 177 | Printable Practice,Fun and engaging Subtraction worksheet for Grade 3. Perfect printable math practice.,https://mathworksheetkidsbloom.github.io/html/free-21-subtraction-math-worksheet-for-grade-3-with-answers-part-177-7019.html,https://mathworksheetkidsbloom.github.io/images/free-21-subtraction-math-worksheet-for-grade-3-with-answers-part-177-7019.jpg,Math Practice Printables,04/21/2026 11:07:00 AM
4 Times Table Worksheet For Grade 2 With Answers - Part 178 | Printable Practice,Printable Times Table worksheet designed for Grade 2 students. Easy and fun math practice.,https://mathworksheetkidsbloom.github.io/html/4-times-table-worksheet-for-grade-2-with-answers-part-178-9551.html,https://mathworksheetkidsbloom.github.io/images/4-times-table-worksheet-for-grade-2-with-answers-part-178-9551.jpg,Printable Worksheets,04/21/2026 01:23:00 PM
Printable Tracing Worksheet For Kids - Part 179 | Free Printable,Fun and engaging Tracing worksheet for Preschool. Perfect printable math practice.,https://mathworksheetkidsbloom.github.io/html/printable-tracing-worksheet-for-kids-part-179-6496.html,https://mathworksheetkidsbloom.github.io/images/printable-tracing-worksheet-for-kids-part-179-6496.jpg,Math Practice Printables,04/21/2026 04:25:00 PM
Math Word Problem Worksheet,Teachers and parents love this Word Problem worksheet for Grade 3. Download and print instantly.,https://mathworksheetkidsbloom.github.io/html/math-word-problem-worksheet-2516.html,https://mathworksheetkidsbloom.github.io/images/math-word-problem-worksheet-2516.jpg,Elementary Math Activities,04/21/2026 08:22:00 PM
Free 26 Addition Math Worksheet For Grade 1 - Part 181 | Printable Practice,Fun and engaging Addition worksheet for Grade 1. Perfect printable math practice.,https://mathworksheetkidsbloom.github.io/html/free-26-addition-math-worksheet-for-grade-1-part-181-3581.html,https://mathworksheetkidsbloom.github.io/images/free-26-addition-math-worksheet-for-grade-1-part-181-3581.jpg,Homeschool Math,04/22/2026 08:32:00 AM
Free Grade 1 Count and Color Worksheet,Help kids master Count and Color with this printable worksheet for Grade 1. Great for daily math practice.,https://mathworksheetkidsbloom.github.io/html/free-grade-1-count-and-color-worksheet-9578.html,https://mathworksheetkidsbloom.github.io/images/free-grade-1-count-and-color-worksheet-9578.jpg,Elementary Math Activities,04/22/2026 11:00:00 AM
Free Counting Objects Worksheet For Kindergarten Printable - Part 183 | Printable Practice,Printable Counting Objects worksheet designed for Kindergarten students. Easy and fun math practice.,https://mathworksheetkidsbloom.github.io/html/free-counting-objects-worksheet-for-kindergarten-printable-part-183-4402.html,https://mathworksheetkidsbloom.github.io/images/free-counting-objects-worksheet-for-kindergarten-printable-part-183-4402.jpg,Math Practice Printables,04/22/2026 01:38:00 PM
Grade 2 Division Practice Worksheet (13 Problems) - Part 184 | Printable Practice,Teachers and parents love this Division worksheet for Grade 2. Download and print instantly.,https://mathworksheetkidsbloom.github.io/html/grade-2-division-practice-worksheet-13-problems-part-184-2288.html,https://mathworksheetkidsbloom.github.io/images/grade-2-division-practice-worksheet-13-problems-part-184-2288.jpg,Math Practice Printables,04/22/2026 04:34:00 PM
4 General Math Quiz Practice Worksheet,Fun and engaging Math worksheet for Math. Perfect printable math practice.,https://mathworksheetkidsbloom.github.io/html/4-general-math-quiz-practice-worksheet-7061.html,https://mathworksheetkidsbloom.github.io/images/4-general-math-quiz-practice-worksheet-7061.jpg,Printable Worksheets,04/22/2026 08:22:00 PM
Missing Number Math Worksheet,Help kids master Missing Number with this printable worksheet for Grade 1. Great for daily math practice.,https://mathworksheetkidsbloom.github.io/html/missing-number-math-worksheet-1327.html,https://mathworksheetkidsbloom.github.io/images/missing-number-math-worksheet-1327.jpg,Printable Worksheets,04/23/2026 08:24:00 AM
Mixed Operations Math Worksheet,Printable Mixed Operations worksheet designed for Grade 3 students. Easy and fun math practice.,https://mathworksheetkidsbloom.github.io/html/mixed-operations-math-worksheet-4141.html,https://mathworksheetkidsbloom.github.io/images/mixed-operations-math-worksheet-4141.jpg,Printable Worksheets,04/23/2026 11:00:00 AM
Free 21 Multiplication Math Worksheet For Grade 2 - Part 188 | Printable Practice,Fun and engaging Multiplication worksheet for Grade 2. Perfect printable math practice.,https://mathworksheetkidsbloom.github.io/html/free-21-multiplication-math-worksheet-for-grade-2-part-188-9887.html,https://mathworksheetkidsbloom.github.io/images/free-21-multiplication-math-worksheet-for-grade-2-part-188-9887.jpg,Kids Math Worksheets,04/23/2026 01:38:00 PM
Free 22 Subtraction Math Worksheet For Grade 2 With Answers - Part 189 | Printable Practice,Teachers and parents love this Subtraction worksheet for Grade 2. Download and print instantly.,https://mathworksheetkidsbloom.github.io/html/free-22-subtraction-math-worksheet-for-grade-2-with-answers-part-189-9926.html,https://mathworksheetkidsbloom.github.io/images/free-22-subtraction-math-worksheet-for-grade-2-with-answers-part-189-9926.jpg,Elementary Math Activities,04/23/2026 04:31:00 PM
Printable 12 Times Table Worksheet For Grade 4 - Part 190 | Printable Practice,Fun and engaging Times Table worksheet for Grade 4. Perfect printable math practice.,https://mathworksheetkidsbloom.github.io/html/printable-12-times-table-worksheet-for-grade-4-part-190-6181.html,https://mathworksheetkidsbloom.github.io/images/printable-12-times-table-worksheet-for-grade-4-part-190-6181.jpg,Math Practice Printables,04/23/2026 08:26:00 PM
Printable Tracing Worksheet For Kids - Part 191 | Free Printable,Teachers and parents love this Tracing worksheet for Preschool. Download and print instantly.,https://mathworksheetkidsbloom.github.io/html/printable-tracing-worksheet-for-kids-part-191-7727.html,https://mathworksheetkidsbloom.github.io/images/printable-tracing-worksheet-for-kids-part-191-7727.jpg,Kids Math Worksheets,04/24/2026 08:37:00 AM
Math Word Problem Worksheet,Printable Word Problem worksheet designed for Grade 3 students. Easy and fun math practice.,https://mathworksheetkidsbloom.github.io/html/math-word-problem-worksheet-4345.html,https://mathworksheetkidsbloom.github.io/images/math-word-problem-worksheet-4345.jpg,Kids Math Worksheets,04/24/2026 11:00:00 AM
Free 21 Addition Math Worksheet For Grade 1 With Answers - Part 193 | Printable Practice,Teachers and parents love this Addition worksheet for Grade 1. Download and print instantly.,https://mathworksheetkidsbloom.github.io/html/free-21-addition-math-worksheet-for-grade-1-with-answers-part-193-8763.html,https://mathworksheetkidsbloom.github.io/images/free-21-addition-math-worksheet-for-grade-1-with-answers-part-193-8763.jpg,Homeschool Math,04/24/2026 01:31:00 PM
Grade 1 Count and Color Shapes Worksheet,Teachers and parents love this Count and Color worksheet for Grade 1. Download and print instantly.,https://mathworksheetkidsbloom.github.io/html/grade-1-count-and-color-shapes-worksheet-8553.html,https://mathworksheetkidsbloom.github.io/images/grade-1-count-and-color-shapes-worksheet-8553.jpg,Math Practice Printables,04/24/2026 04:31:00 PM
Free Counting Objects Worksheet For Kindergarten - Part 195 | Printable Practice,Fun and engaging Counting Objects worksheet for Kindergarten. Perfect printable math practice.,https://mathworksheetkidsbloom.github.io/html/free-counting-objects-worksheet-for-kindergarten-part-195-7514.html,https://mathworksheetkidsbloom.github.io/images/free-counting-objects-worksheet-for-kindergarten-part-195-7514.jpg,Homeschool Math,04/24/2026 08:24:00 PM
Free 14 Division Math Worksheet For Grade 1 With Answers - Part 196 | Printable Practice,Printable Division worksheet designed for Grade 1 students. Easy and fun math practice.,https://mathworksheetkidsbloom.github.io/html/free-14-division-math-worksheet-for-grade-1-with-answers-part-196-2708.html,https://mathworksheetkidsbloom.github.io/images/free-14-division-math-worksheet-for-grade-1-with-answers-part-196-2708.jpg,Homeschool Math,04/25/2026 08:24:00 AM
Printable Math Trivia for Students (8 Questions),Free printable Math worksheet for Math. Perfect for homeschool practice and classroom activities.,https://mathworksheetkidsbloom.github.io/html/printable-math-trivia-for-students-8-questions-6857.html,https://mathworksheetkidsbloom.github.io/images/printable-math-trivia-for-students-8-questions-6857.jpg,Printable Worksheets,04/25/2026 11:03:00 AM
Missing Number Math Worksheet,Free printable Missing Number worksheet for Grade 1. Perfect for homeschool practice and classroom activities.,https://mathworksheetkidsbloom.github.io/html/missing-number-math-worksheet-3644.html,https://mathworksheetkidsbloom.github.io/images/missing-number-math-worksheet-3644.jpg,Elementary Math Activities,04/25/2026 01:33:00 PM
Mixed Operations Math Worksheet,Fun and engaging Mixed Operations worksheet for Grade 3. Perfect printable math practice.,https://mathworksheetkidsbloom.github.io/html/mixed-operations-math-worksheet-6124.html,https://mathworksheetkidsbloom.github.io/images/mixed-operations-math-worksheet-6124.jpg,Printable Worksheets,04/25/2026 04:22:00 PM
Grade 2 Multiplication Practice Worksheet (21 Problems) - Part 200 | Printable Practice,Free printable Multiplication worksheet for Grade 2. Perfect for homeschool practice and classroom activities.,https://mathworksheetkidsbloom.github.io/html/grade-2-multiplication-practice-worksheet-21-problems-part-200-5065.html,https://mathworksheetkidsbloom.github.io/images/grade-2-multiplication-practice-worksheet-21-problems-part-200-5065.jpg,Homeschool Math,04/25/2026 08:38:00 PM
